scenario,buy_share,avg_delta,median_delta,flip_rate
Base,0.12481030715066165,84717.72627805777,50250.694142255015,0.0
HighHOA,0.12481030715066165,84717.72627805777,50250.694142255015,0.08637372801413079
HighIns,0.12053336570757962,86329.61185627931,51449.5826409789,0.0852600420179868
HighMaint,0.11200477520132734,89623.34260403273,53870.85494745297,0.08392887842402502
HighRates,0.08857391445105418,103500.39990351163,64840.5227117734,0.08780676754989715
HighTax,0.11206547691311562,89321.66768208773,53768.5644890298,0.08392247693546556
LowRates,0.14313969487272873,77539.50591382227,44725.093143678685,0.0913256254412918
